{"name":"8486e3b2-1b2e-4eae-ae87-6314052dcbb7","id":"/providers/Microsoft.Flow/flows/8486e3b2-1b2e-4eae-ae87-6314052dcbb7","type":"Microsoft.Flow/flows","properties":{"apiId":"/providers/Microsoft.PowerApps/apis/shared_logicflows","displayName":"entrepriseNUM","definition":{"metadata":{"workflowEntityId":null,"processAdvisorMetadata":null,"flowChargedByPaygo":null,"flowclientsuspensionreason":"None","flowclientsuspensiontime":null,"flowclientsuspensionreasondetails":null,"creator":{"id":"1490a9cd-e20f-449d-a013-a748451ae9f5","type":"User","tenantId":"71260448-f1a9-4729-b630-4882e4dc58f5"},"provisioningMethod":"FromDefinition","failureAlertSubscription":true,"clientLastModifiedTime":"2024-08-16T13:26:34.540763Z","connectionKeySavedTimeKey":"2024-08-16T13:26:34.540763Z"},"$schema":"https://schema.management.azure.com/providers/Microsoft.Logic/schemas/2016-06-01/workflowdefinition.json#","contentVersion":"1.0.0.0","parameters":{"$authentication":{"defaultValue":{},"type":"SecureObject"},"$connections":{"defaultValue":{},"type":"Object"}},"triggers":{"Lorsqu'une_nouvelle_réponse_est_envoyée":{"splitOn":"@triggerOutputs()?['body/value']","type":"OpenApiConnectionWebhook","inputs":{"parameters":{"form_id":"SAQmcanxKUe2MEiC5NxY9c2pkBQP4p1EoBOnSEUa6fVUNU8wUUtUNFpURTBONlU5UlNFNjRHTUIwQS4u"},"host":{"apiId":"/providers/Microsoft.PowerApps/apis/shared_microsoftforms","connectionName":"shared_microsoftforms","operationId":"CreateFormWebhook"},"authentication":"@parameters('$authentication')"}}},"actions":{"Obtenir_les_détails_de_la_réponse":{"runAfter":{},"type":"OpenApiConnection","inputs":{"parameters":{"form_id":"SAQmcanxKUe2MEiC5NxY9c2pkBQP4p1EoBOnSEUa6fVUNU8wUUtUNFpURTBONlU5UlNFNjRHTUIwQS4u","response_id":"@triggerOutputs()?['body/resourceData/responseId']"},"host":{"apiId":"/providers/Microsoft.PowerApps/apis/shared_microsoftforms","connectionName":"shared_microsoftforms","operationId":"GetFormResponseById"},"authentication":"@parameters('$authentication')"}},"Démarrer_et_attendre_une_approbation":{"runAfter":{"Obtenir_les_détails_de_la_réponse":["Succeeded"]},"type":"OpenApiConnectionWebhook","inputs":{"parameters":{"approvalType":"Basic","WebhookApprovalCreationInput/title":"Type de demande : @{body('Obtenir_les_détails_de_la_réponse')?['r61ddebd0dfd24d2aa48ccaa13beb38f8']}","WebhookApprovalCreationInput/assignedTo":"etu55699@henallux.be","WebhookApprovalCreationInput/details":"Nom: @{body('Obtenir_les_détails_de_la_réponse')?['rf7a13a48712549d4b789f9588eaf1825']}\nEmail : @{body('Obtenir_les_détails_de_la_réponse')?['re284e5621c654d6d984839b545921efa']}\nDate début : @{body('Obtenir_les_détails_de_la_réponse')?['rd839f0656a2944be884fbc98c410332e']}\nDate fin : @{body('Obtenir_les_détails_de_la_réponse')?['r50b3411b8bde42e781c134cea4ae662d']}","WebhookApprovalCreationInput/itemLink":"https://henallux-my.sharepoint.com/:x:/r/personal/etu55699_henallux_be/_layouts/15/Doc.aspx?sourcedoc=%7BA9893370-6190-48DF-9C60-C00E4D85970A%7D&file=entreprise-accept.xlsx&action=default&mobileredirect=true&DefaultItemOpen=1&login_hint=etu55699%40henallux.be&ct=1723734575925&wdOrigin=OFFICECOM-WEB.START.REC&cid=88905011-436e-447d-8113-d6381e21d32d&wdPreviousSessionSrc=HarmonyWeb&wdPreviousSession=04b80e59-92ea-4938-ba9d-3d82031e03e5","WebhookApprovalCreationInput/enableNotifications":true,"WebhookApprovalCreationInput/enableReassignment":true},"host":{"apiId":"/providers/Microsoft.PowerApps/apis/shared_approvals","connectionName":"shared_approvals","operationId":"StartAndWaitForAnApproval"},"authentication":"@parameters('$authentication')"}},"Condition":{"actions":{"Envoyer_un_e-mail_(V2)":{"type":"OpenApiConnection","inputs":{"parameters":{"emailMessage/To":"@body('Obtenir_les_détails_de_la_réponse')?['re284e5621c654d6d984839b545921efa']","emailMessage/Subject":"Demande accepter","emailMessage/Body":"<p class=\"editor-paragraph\">Bonjour, votre demande a été :@{body('Démarrer_et_attendre_une_approbation')?['outcome']}</p>","emailMessage/Importance":"Normal"},"host":{"apiId":"/providers/Microsoft.PowerApps/apis/shared_office365","connectionName":"shared_office365","operationId":"SendEmailV2"},"authentication":"@parameters('$authentication')"}},"Ajouter_une_ligne_à_un_tableau":{"runAfter":{"Envoyer_un_e-mail_(V2)":["Succeeded"]},"metadata":{"01U6Z4F7HWO6YPY3NNDVDJ5ATKZC6SV4QR":"/demande de formation.xlsx","01U6Z4F7DQGOE2TEDB35EJYYGABZGYLFYK":"/entreprise-accept.xlsx","tableId":"{926519D8-4019-4D2C-B431-C120E5F3AA6A}"},"type":"OpenApiConnection","inputs":{"parameters":{"source":"me","drive":"b!1WnEb35gC0SoldTPXw1b83Xb7NRCVuZCpyP50FUVMcgPWRX8SFkwSKyWv4K_EVgb","file":"01U6Z4F7DQGOE2TEDB35EJYYGABZGYLFYK","table":"{926519D8-4019-4D2C-B431-C120E5F3AA6A}","dateTimeFormat":"ISO 8601"},"host":{"apiId":"/providers/Microsoft.PowerApps/apis/shared_excelonlinebusiness","connectionName":"shared_excelonlinebusiness","operationId":"AddRowV2"},"authentication":"@parameters('$authentication')"}},"Envoyer_un_e-mail_(V2)_2":{"runAfter":{"Ajouter_une_ligne_à_un_tableau":["Succeeded"]},"type":"OpenApiConnection","inputs":{"parameters":{"emailMessage/To":"etu55699@student.henallux.be","emailMessage/Subject":"Vous avez accepter la demande de : @{body('Obtenir_les_détails_de_la_réponse')?['rf7a13a48712549d4b789f9588eaf1825']}","emailMessage/Body":"<p class=\"editor-paragraph\">Nom: @{body('Obtenir_les_détails_de_la_réponse')?['rf7a13a48712549d4b789f9588eaf1825']}</p><p class=\"editor-paragraph\">Email : @{body('Obtenir_les_détails_de_la_réponse')?['re284e5621c654d6d984839b545921efa']}</p><p class=\"editor-paragraph\">Type de demande : @{body('Obtenir_les_détails_de_la_réponse')?['r61ddebd0dfd24d2aa48ccaa13beb38f8']}</p><p class=\"editor-paragraph\">Date début : @{body('Obtenir_les_détails_de_la_réponse')?['rd839f0656a2944be884fbc98c410332e']}</p><p class=\"editor-paragraph\">Date fin : @{body('Obtenir_les_détails_de_la_réponse')?['r50b3411b8bde42e781c134cea4ae662d']}</p>"},"host":{"apiId":"/providers/Microsoft.PowerApps/apis/shared_office365","connectionName":"shared_office365","operationId":"SendEmailV2"},"authentication":"@parameters('$authentication')"}}},"runAfter":{"Démarrer_et_attendre_une_approbation":["Succeeded"]},"else":{"actions":{"Envoyer_un_e-mail_(V2)_1":{"type":"OpenApiConnection","inputs":{"parameters":{"emailMessage/To":"@body('Obtenir_les_détails_de_la_réponse')?['re284e5621c654d6d984839b545921efa']","emailMessage/Subject":"Demande rejeter","emailMessage/Body":"<p class=\"editor-paragraph\">Bonjour, nous sommes désolé mais nous avons rejeter : @{body('Démarrer_et_attendre_une_approbation')?['outcome']}</p><p class=\"editor-paragraph\"></p><br><p class=\"editor-paragraph\"></p><br><p class=\"editor-paragraph\">Détail: @{body('Démarrer_et_attendre_une_approbation')?['details']}</p>","emailMessage/Importance":"Normal"},"host":{"apiId":"/providers/Microsoft.PowerApps/apis/shared_office365","connectionName":"shared_office365","operationId":"SendEmailV2"},"authentication":"@parameters('$authentication')"}},"Ajouter_une_ligne_à_un_tableau_1":{"runAfter":{"Envoyer_un_e-mail_(V2)_1":["Succeeded"]},"metadata":{"01U6Z4F7DQGOE2TEDB35EJYYGABZGYLFYK":"/entreprise-accept.xlsx","tableId":"{926519D8-4019-4D2C-B431-C120E5F3AA6A}"},"type":"OpenApiConnection","inputs":{"parameters":{"source":"me","drive":"b!1WnEb35gC0SoldTPXw1b83Xb7NRCVuZCpyP50FUVMcgPWRX8SFkwSKyWv4K_EVgb","file":"01U6Z4F7DQGOE2TEDB35EJYYGABZGYLFYK","table":"{926519D8-4019-4D2C-B431-C120E5F3AA6A}","dateTimeFormat":"ISO 8601"},"host":{"apiId":"/providers/Microsoft.PowerApps/apis/shared_excelonlinebusiness","connectionName":"shared_excelonlinebusiness","operationId":"AddRowV2"},"authentication":"@parameters('$authentication')"}}}},"expression":{"and":[{"equals":["@body('Démarrer_et_attendre_une_approbation')?['outcome']","Approve"]}]},"type":"If"}},"outputs":{},"description":""},"connectionReferences":{"shared_microsoftforms":{"connectionName":"shared-microsoftform-ade0a3c4-5f11-4c69-849f-6032e2c1c1ea","source":"Embedded","id":"/providers/Microsoft.PowerApps/apis/shared_microsoftforms","tier":"NotSpecified"},"shared_approvals":{"connectionName":"shared-approvals-eedcdb88-96fa-4e16-986b-70491af0a2e8","source":"Embedded","id":"/providers/Microsoft.PowerApps/apis/shared_approvals","tier":"NotSpecified"},"shared_office365":{"connectionName":"6d25321cae83457c94d139caccd18c50","source":"Embedded","id":"/providers/Microsoft.PowerApps/apis/shared_office365","tier":"NotSpecified"},"shared_excelonlinebusiness":{"connectionName":"shared-excelonlinebu-4ad97c64-433a-4f6e-ada9-06c91f3d8a11","source":"Embedded","id":"/providers/Microsoft.PowerApps/apis/shared_excelonlinebusiness","tier":"NotSpecified"}},"flowFailureAlertSubscribed":false,"isManaged":false}}